metric,point_estimate,bootstrap_mean,bootstrap_std,ci_lower,ci_upper,confidence_level,n_bootstrap_requested,n_bootstrap_used,n_bootstrap_skipped
accuracy,0.8101529902642559,0.8097543463143255,0.005324685130986729,0.799547983310153,0.82024078581363,0.95,1000,1000,0
balanced_accuracy,0.8101529902642559,0.8100360554983247,0.005112467433243233,0.8006105233913708,0.8201798051781558,0.95,1000,1000,0
f1_weighted,0.8095999551856106,0.8095456979425736,0.005215633679242537,0.7989613008993766,0.819809273697472,0.95,1000,1000,0
f1_macro,0.8095999551856106,0.8096441464119286,0.005068447217065537,0.7998286488881736,0.8200735192757906,0.95,1000,1000,0
precision_weighted,0.8137988246513024,0.8138197684937224,0.005093185623278556,0.8039157065581294,0.8235612169047225,0.95,1000,1000,0
recall_weighted,0.8101529902642559,0.8100688456189151,0.005249597908136183,0.799547983310153,0.8202364394993046,0.95,1000,1000,0
sensitivity,0.864047287899861,0.8640893658285761,0.006161838613251852,0.8517989429439827,0.8758292339703884,0.95,1000,1000,0
specificity,0.7562586926286509,0.7562291326389995,0.00798574243280637,0.7413554511459838,0.7722749820981952,0.95,1000,1000,0
