model,accuracy,balanced_accuracy,f1_weighted,f1_macro,f1_micro,precision_weighted,recall_weighted,sensitivity,specificity
Random Forest,0.8113699582753825,0.8113699582753825,0.8107879994092848,0.8107879994092848,0.8113699582753825,0.8152483929781269,0.8113699582753825,0.8668289290681502,0.7559109874826148
