threshold,score_source,accuracy,balanced_accuracy,f1_macro,f1_weighted,precision_macro,recall_macro,sensitivity,specificity,precision_not_liked,recall_not_liked,precision_liked,recall_liked,pred_positive_rate
0.5499999999999999,predict_proba,0.8115438108484005,0.8115438108484005,0.8114697560886522,0.8114697560886523,0.8120340793230634,0.8115438108484005,0.8313630041724618,0.7917246175243393,0.8244026068066619,0.7917246175243393,0.7996655518394649,0.8313630041724618,0.5198191933240612
