threshold,score_source,accuracy,balanced_accuracy,f1_macro,f1_weighted,precision_macro,recall_macro,sensitivity,specificity,precision_not_liked,recall_not_liked,precision_liked,recall_liked,pred_positive_rate
0.49999999999999994,predict_proba,0.8101529902642559,0.8101529902642559,0.8095999551856106,0.8095999551856106,0.8137988246513024,0.8101529902642559,0.864047287899861,0.7562586926286509,0.8476227591582229,0.7562586926286509,0.7799748901443817,0.864047287899861,0.553894297635605
