,precision,recall,f1-score,support
not_liked,0.8502150958154087,0.7559109874826148,0.8002944965948832,2876.0
liked,0.780281690140845,0.8668289290681502,0.8212815022236865,2876.0
accuracy,0.8113699582753825,0.8113699582753825,0.8113699582753825,0.8113699582753825
macro avg,0.8152483929781269,0.8113699582753825,0.8107879994092848,5752.0
weighted avg,0.8152483929781269,0.8113699582753825,0.8107879994092848,5752.0
