threshold,score_source,accuracy,balanced_accuracy,f1_macro,f1_weighted,precision_macro,recall_macro,sensitivity,specificity,precision_not_liked,recall_not_liked,precision_liked,recall_liked,pred_positive_rate
0.49999999999999994,predict_proba,0.8143254520166898,0.8143254520166898,0.8139511444037877,0.8139511444037877,0.8168755115900279,0.8143254520166898,0.8591794158553546,0.769471488178025,0.8453017570664629,0.769471488178025,0.7884492661135929,0.8591794158553546,0.5448539638386648
