attribute,metric,min_group_size,n_groups_total,n_groups_used,f1_gap,error_rate_gap,recall_positive_gap
age_group,f1_macro,30,7,7,0.09359519734892618,0.08912499236734445,0.12466708941027271
flight_type,f1_macro,30,2,2,0.003003075183374282,0.00209441234126842,0.023402909550917173
gender,f1_macro,30,2,2,0.014776797317832213,0.014554028075011799,0.016349680434547098
nationality,f1_macro,30,2,2,0.0032322928776238324,0.0008433722746424843,0.021872134700341772
process,f1_macro,30,2,2,0.07184123441950674,0.06736265604190134,0.023922564353241804
trip_purpose,f1_macro,30,14,8,0.14085082770004864,0.14197429587093247,0.10264635124298316
