attribute,metric,min_group_size,n_groups_total,n_groups_used,f1_gap,error_rate_gap,recall_positive_gap
age_group,f1_macro,30,7,7,0.09185134461095923,0.0893895910931998,0.12105263157894741
flight_type,f1_macro,30,2,2,0.00757182005040713,0.008035063833852857,0.03125282371012916
gender,f1_macro,30,2,2,0.018269747789701807,0.017962203924698023,0.010215648648230324
nationality,f1_macro,30,2,2,0.004926719803664326,0.0030901160142901007,0.010660998582979087
process,f1_macro,30,2,2,0.07349367786656069,0.0710315125409465,0.0069968751051362466
trip_purpose,f1_macro,30,14,8,0.13844766024422905,0.14029714702397228,0.07939053728949474
