model,accuracy,balanced_accuracy,f1_weighted,f1_macro,f1_micro,precision_weighted,recall_weighted,sensitivity,specificity
Neural Network,0.8143254520166898,0.8143254520166898,0.8139511444037877,0.8139511444037877,0.8143254520166898,0.816875511590028,0.8143254520166898,0.8591794158553546,0.769471488178025
