,precision,recall,f1-score,support
not_liked,0.8561320754716981,0.7573018080667594,0.8036900369003689,2876.0
liked,0.7824189526184538,0.872739916550765,0.8251150558842867,2876.0
accuracy,0.8150208623087621,0.8150208623087621,0.8150208623087621,0.8150208623087621
macro avg,0.819275514045076,0.8150208623087623,0.8144025463923278,5752.0
weighted avg,0.8192755140450761,0.8150208623087621,0.8144025463923277,5752.0
