threshold,score_source,accuracy,balanced_accuracy,f1_macro,f1_weighted,precision_macro,recall_macro,sensitivity,specificity,precision_not_liked,recall_not_liked,precision_liked,recall_liked,pred_positive_rate
0.5499999999999999,predict_proba,0.8148470097357441,0.8148470097357441,0.8146511092785638,0.8146511092785639,0.8161837437125192,0.8148470097357441,0.8473574408901252,0.782336578581363,0.83674228337672,0.782336578581363,0.7956252040483186,0.8473574408901252,0.5325104311543811
