attribute,metric,min_group_size,n_groups_total,n_groups_used,f1_gap,error_rate_gap,recall_positive_gap
age_group,f1_macro,30,7,7,0.10110582081500719,0.09700189289857727,0.10624999999999996
flight_type,f1_macro,30,2,2,0.013704335491758868,0.014362318321330891,0.042333062257160936
gender,f1_macro,30,2,2,0.015933767720457515,0.015392892983665224,0.0010561909036042039
nationality,f1_macro,30,2,2,0.008079258181618032,0.004310194571606224,0.019363174126865057
process,f1_macro,30,2,2,0.0843483769865655,0.08022108776825759,0.018267474376455817
trip_purpose,f1_macro,30,14,8,0.15270326551422764,0.1526934645884605,0.10264635124298316
