threshold,score_source,accuracy,balanced_accuracy,f1_macro,f1_weighted,precision_macro,recall_macro,sensitivity,specificity,precision_not_liked,recall_not_liked,precision_liked,recall_liked,pred_positive_rate
0.49999999999999994,predict_proba,0.8218011126564673,0.8218011126564673,0.8212650781253623,0.8212650781253623,0.8257083722510756,0.8218011126564673,0.8765646731571627,0.7670375521557719,0.8613822725497853,0.7670375521557719,0.790034471952366,0.8765646731571627,0.5547635605006954
