threshold,score_source,accuracy,balanced_accuracy,f1_macro,f1_weighted,precision_macro,recall_macro,sensitivity,specificity,precision_not_liked,recall_not_liked,precision_liked,recall_liked,pred_positive_rate
0.49999999999999994,predict_proba,0.8218011126564673,0.8218011126564673,0.8213117947338715,0.8213117947338714,0.8253650173730485,0.8218011126564673,0.8741307371349096,0.769471488178025,0.8594174757281553,0.769471488178025,0.7913125590179415,0.8741307371349096,0.5523296244784422
