threshold,score_source,accuracy,balanced_accuracy,f1_macro,f1_weighted,precision_macro,recall_macro,sensitivity,specificity,precision_not_liked,recall_not_liked,precision_liked,recall_liked,pred_positive_rate
0.5499999999999999,predict_proba,0.8023296244784422,0.8023296244784422,0.8023043788603216,0.8023043788603215,0.8024841326836778,0.8023296244784422,0.8136300417246175,0.791029207232267,0.8093205265030239,0.791029207232267,0.7956477388643318,0.8136300417246175,0.5113004172461753
