,precision,recall,f1-score,support
not_liked,0.8296015180265655,0.7600834492350487,0.7933224460170568,2876.0
liked,0.7786333012512031,0.8438803894297635,0.8099449357583848,2876.0
accuracy,0.8019819193324061,0.8019819193324061,0.8019819193324061,0.8019819193324061
macro avg,0.8041174096388843,0.801981919332406,0.8016336908877209,5752.0
weighted avg,0.8041174096388842,0.8019819193324061,0.8016336908877207,5752.0
