metric,point_estimate,bootstrap_mean,bootstrap_std,ci_lower,ci_upper,confidence_level,n_bootstrap_requested,n_bootstrap_used,n_bootstrap_skipped
accuracy,0.8005910987482615,0.800335361613352,0.005418481714237288,0.7898078929068151,0.8113743045897079,0.95,1000,1000,0
balanced_accuracy,0.8005910987482614,0.8006636515672849,0.005020446829029422,0.7911079030274616,0.8103279039699831,0.95,1000,1000,0
f1_weighted,0.8002286658734002,0.8001279967191768,0.005441361294833373,0.7898451980971266,0.8111323384577577,0.95,1000,1000,0
f1_macro,0.8002286658734004,0.8003974211726432,0.005351602200647517,0.7898766687145928,0.8111534845464441,0.95,1000,1000,0
precision_weighted,0.8027884205656292,0.8027224271524631,0.005303375890015205,0.7920280660040728,0.8132916578928608,0.95,1000,1000,0
recall_weighted,0.8005910987482615,0.8004975660639777,0.005419892513663619,0.7898122392211405,0.8108527468706537,0.95,1000,1000,0
sensitivity,0.8431849791376912,0.843334291807216,0.006644330588492682,0.8307182994242186,0.8561640123179498,0.95,1000,1000,0
specificity,0.7579972183588317,0.7582153481507815,0.008328176859059748,0.7418755035470012,0.7742387576785629,0.95,1000,1000,0
