threshold,score_source,accuracy,balanced_accuracy,f1_macro,f1_weighted,precision_macro,recall_macro,sensitivity,specificity,precision_not_liked,recall_not_liked,precision_liked,recall_liked,pred_positive_rate
0.49999999999999994,predict_proba,0.8042420027816412,0.8042420027816412,0.8037836635844041,0.8037836635844042,0.8071115140030158,0.8042420027816412,0.8525730180806675,0.7559109874826148,0.8367975365665897,0.7559109874826148,0.777425491439442,0.8525730180806675,0.5483310152990264
