threshold,score_source,accuracy,balanced_accuracy,f1_macro,f1_weighted,precision_macro,recall_macro,sensitivity,specificity,precision_not_liked,recall_not_liked,precision_liked,recall_liked,pred_positive_rate
0.49999999999999994,predict_proba,0.8042420027816412,0.8042420027816412,0.8037967880937502,0.8037967880937502,0.8070287812793577,0.8042420027816412,0.8518776077885952,0.7566063977746871,0.8362797847809378,0.7566063977746871,0.7777777777777778,0.8518776077885952,0.5476356050069541
