threshold,score_source,accuracy,balanced_accuracy,f1_macro,f1_weighted,precision_macro,recall_macro,sensitivity,specificity,precision_not_liked,recall_not_liked,precision_liked,recall_liked,pred_positive_rate
0.5499999999999999,predict_proba,0.8129346314325452,0.8129346314325452,0.8127430136010162,0.8127430136010162,0.8142207848964251,0.8129346314325452,0.844923504867872,0.7809457579972183,0.8343239227340268,0.7809457579972183,0.7941176470588235,0.844923504867872,0.5319888734353269
